Price,Close,High,Low,Open,Volume
Ticker,UBS,UBS,UBS,UBS,UBS
Date,,,,,
2020-01-02,10.959759712219238,10.959759712219238,10.74769005959732,10.773138191397123,3352200
2020-01-03,10.781620979309082,10.83251805098219,10.730723907635976,10.756172847963285,2627400
2020-01-06,10.756174087524414,10.773139240716205,10.67134589462065,10.688311856794044,2318500
2020-01-07,10.976724624633789,11.014897225992678,10.911407457810652,10.95975947346401,4237600
2020-01-08,11.120932579040527,11.15486369197577,11.070036314128435,11.087001466105285,3363200
2020-01-09,11.146381378173828,11.171829510304981,11.04458804066768,11.103967285300882,4590100
2020-01-10,11.010656356811523,11.087001563834168,10.993691204685131,11.078519392261747,3200200
2020-01-13,11.10396671295166,11.10396671295166,10.976724440891473,11.010655551644557,2277400
2020-01-14,11.146381378173828,11.231208754938184,11.061553192427938,11.070036172798833,3257200
2020-01-15,11.095483779907227,11.154863021730687,11.053069689041259,11.14638085074269,2011700
2020-01-16,11.197277069091797,11.197277069091797,11.108208206702667,11.12941484756251,1481700
2020-01-17,11.146381378173828,11.197277642436134,11.112450265671779,11.197277642436134,1960300
2020-01-21,10.611966133117676,10.790104682437933,10.586517191085095,10.730724626676805,7408800
2020-01-22,10.883413314819336,10.89189629414989,10.815551098137771,10.87493033548878,4365600
2020-01-23,10.866450309753418,10.883415462781352,10.696793925584512,10.756173983636268,3241800
2020-01-24,10.73072338104248,10.90886190968422,10.70527525094551,10.90886190968422,3110700
2020-01-27,10.569551467895508,10.662861823364327,10.535620355999436,10.586516619352784,3896600
2020-01-28,10.561068534851074,10.594999646898712,10.497447800884443,10.544103383318017,7774600
2020-01-29,10.62044906616211,10.705276445612238,10.607724595202889,10.671345332035875,2251000
2020-01-30,10.662861824035645,10.662861824035645,10.522895886332845,10.56106848834102,4185800
2020-01-31,10.493206024169922,10.637413448679235,10.429585291940871,10.620448297609522,3392400
2020-02-03,10.459274291992188,10.58651574889487,10.442309141929842,10.484722421576434,2036200
2020-02-04,10.569551467895508,10.671344803583725,10.569551467895508,10.628930711468254,2922700
2020-02-05,10.824034690856934,10.874930951761636,10.756172470329675,10.7985857514231,3432600
2020-02-06,10.91734504699707,10.976724287741119,10.891896916532689,10.959759137092025,2053200
2020-02-07,10.985207557678223,11.010655688814694,10.934311295405278,10.942793466463101,2376600
2020-02-10,11.078518867492676,11.091242528739386,11.006415154162438,11.010655835256998,1808500
2020-02-11,11.171830177307129,11.214244272712362,11.129416081901896,11.129416081901896,1915400
2020-02-12,11.366933822631836,11.366933822631836,11.265140479594184,11.307554574771933,3479500
2020-02-13,11.20576000213623,11.282105203282574,11.20576000213623,11.256657072560957,2435100
2020-02-14,11.129414558410645,11.290587937091397,11.1039664282437,11.26513899794298,4500100
2020-02-18,11.146381378173828,11.248174715679975,11.137898397802932,11.20576062280703,3460500
2020-02-19,11.154863357543945,11.201518939799211,11.137898206075725,11.163346337768814,2223600
2020-02-20,11.256657600402832,11.443278313087616,11.19303605714324,11.40934720087388,5805700
2020-02-21,10.976724624633789,11.120932049993698,10.934311342218587,11.120932049993698,3809600
2020-02-24,10.391412734985352,10.484723088719226,10.348998643658499,10.425343846250534,5278000
2020-02-25,10.026652336120605,10.382929396600357,9.96727309570114,10.348998286506164,3833500
2020-02-26,9.992721557617188,10.179343073818684,9.979997896523075,10.102997871328004,5183400
2020-02-27,9.568582534790039,9.82730777080934,9.551617383188615,9.636444759158787,4551100
2020-02-28,9.331063270568848,9.424373612041233,9.152924757589641,9.254718078008988,6419700
2020-03-02,9.551617622375488,9.551617622375488,9.15292643748913,9.322582002659427,6911500
2020-03-03,9.246235847473145,9.704306230928152,9.178373628367327,9.594030731617295,7479800
2020-03-04,9.432857513427734,9.432857513427734,9.212304893127268,9.331064183054014,5974800
2020-03-05,8.966304779052734,9.110512209565728,8.864511441452068,9.034167004119846,6384700
2020-03-06,8.872993469238281,9.042649013692069,8.779683122034061,8.881476448706334,5791700
2020-03-09,7.863542556762695,8.37250920201793,7.634506959661739,8.151956584583262,4768700
2020-03-10,8.499752044677734,8.635476492587863,8.168923096160656,8.60154538061033,4842200
2020-03-11,8.041681289672852,8.44885546619056,7.982302042485891,8.397958390757758,8754900
2020-03-12,7.032229900360107,7.4903003340645915,6.930436560534838,7.481817353500431,6017200
2020-03-13,7.6938862800598145,7.727817390099382,7.049195189308034,7.727817390099382,5756800
2020-03-16,6.489331245422363,6.9261946027178904,6.345123821492194,6.353606396992984,5921000
2020-03-17,7.10009241104126,7.10009241104126,6.463883404937403,6.6080908443728035,7021500
2020-03-18,6.862574100494385,6.862574100494385,6.5062970187370395,6.565676262702755,9762600
2020-03-19,7.210367679595947,7.337609138584465,6.718366185000859,6.862573603311295,9066800
2020-03-20,6.921953201293945,7.388506590039027,6.904988050075283,7.210368052844777,7508400
2020-03-23,6.701401233673096,7.176437216216984,6.680194187101604,7.108574990780824,7667100
2020-03-24,7.6005754470825195,7.634506554967563,7.240056920190544,7.363057691887216,5627300
2020-03-25,7.812645435333252,8.041680221916202,7.481816511400702,7.702369127355736,8282300
2020-03-26,8.37251091003418,8.431890161848795,8.058647879185791,8.058647879185791,7391500
2020-03-27,7.939887046813965,8.190129287250855,7.850818186140569,7.9738181569249935,5363800
2020-03-30,8.07561206817627,8.10106019779549,7.770231276819792,7.880507583811692,3872700
2020-03-31,7.855059623718262,8.024715173143624,7.770231444514844,7.9314048232050425,3804800
2020-04-01,7.549679279327393,7.6769215557767545,7.507265996159126,7.600576351703442,3335100
2020-04-02,7.634507179260254,7.838093843218302,7.528472357326083,7.575127937851195,7994500
2020-04-03,7.498783588409424,7.617542084717335,7.357969018236807,7.575128798311128,3748000
2020-04-06,8.109542846679688,8.143473954448998,7.939886498851708,8.007748714390331,4418500
2020-04-07,8.134990692138672,8.465818779130272,8.084093627765368,8.440370651434316,4908100
2020-04-08,8.134990692138672,8.194369926423033,7.995024776338828,8.067128478961862,2872800
2020-04-09,8.525199890136719,8.601545091767852,8.330095396081436,8.33857837603634,4482100
2020-04-13,8.236785888671875,8.550648898374279,8.151957698381896,8.550648898374279,2878600
2020-04-14,8.397957801818848,8.482785985264094,8.304647447214288,8.431888913400645,5164900
2020-04-15,7.973818778991699,8.071371436030137,7.9229225143452915,8.058646965377765,3027600
2020-04-16,7.795679569244385,7.829610679105784,7.659955129798787,7.829610679105784,4502100
2020-04-17,8.177406311035156,8.20285444350311,8.016232917781181,8.109544085132919,4993100
2020-04-20,8.20285415649414,8.33009562336341,8.092577841016066,8.143474913152684,4227900
2020-04-21,7.84657621383667,8.041679882734497,7.78719697703845,7.9229214091380555,3172000
2020-04-22,7.829610824584961,7.931404965042031,7.799921204027268,7.931404965042031,2652000
2020-04-23,7.914438247680664,8.147714508858709,7.8898379320099945,7.897473098549498,3061000
2020-04-24,7.982301235198975,8.024715325606515,7.876266413670866,7.982301235198975,2574100
2020-04-27,8.296165466308594,8.31313142863372,8.075613618953216,8.10954473462186,2254700
2020-04-28,8.762717247009277,8.872993554205602,8.724544648018956,8.822096485891352,4793500
2020-04-29,9.322582244873047,9.44558303843071,9.263202997766074,9.415893414877223,6897500
2020-04-30,9.127477645874023,9.237753957517175,9.00447686439384,9.212305017843109,4158700
2020-05-01,8.813615798950195,8.935767974485236,8.75423574109101,8.805132817972941,2727400
2020-05-04,8.618511199951172,8.69485641006194,8.52520083702778,8.626994180848275,4734300
2020-05-05,8.499725341796875,8.666904677179279,8.490926252749945,8.640507410038488,3061300
2020-05-06,8.446932792663574,8.574516231970149,8.41173727432445,8.57011668728684,3248500
2020-05-07,8.614109992980957,8.719696532039064,8.519961597068715,8.543718966942219,5585000
2020-05-08,8.75489330291748,8.75489330291748,8.640507659388373,8.693301356066168,2639600
2020-05-11,8.5789155960083,8.640507542022998,8.49092638244959,8.543720078410283,2230500
2020-05-12,8.43813419342041,8.684502836104448,8.420536013664995,8.658106405598723,2912100
2020-05-13,8.30614948272705,8.44253284400159,8.244557538362617,8.429334210583223,3916600
2020-05-14,8.235758781433105,8.262156049334019,7.910200029467916,8.024585672989849,4211500
2020-05-15,8.147769927978516,8.200562782429573,8.094976234400166,8.174166355204044,2547600
2020-05-18,8.763691902160645,8.807686507077447,8.53492062789511,8.614110748919893,5006800
2020-05-19,8.658105850219727,8.807687012036205,8.649306760906441,8.737295975784608,4434400
2020-05-20,8.87807846069336,8.908874435593052,8.781290152005885,8.80768742117195,3642500
2020-05-21,8.816486358642578,8.926472460886359,8.754893570779451,8.807687269072508,3328700
2020-05-22,8.640507698059082,8.754893342100125,8.578915750932115,8.746094252759889,2569500
2020-05-26,9.142045021057129,9.225633853680646,9.02765937527366,9.02765937527366,5811600
2020-05-27,9.537993431091309,9.54679251928704,9.353216774617133,9.476401491975663,5271000
2020-05-28,9.4588041305542,9.586388403003246,9.435927002750548,9.555591591664736,3061700
2020-05-29,9.414810180664062,9.52039673808268,9.370815571957797,9.432408359797515,4788000
2020-06-01,9.55559253692627,9.608386236744598,9.436808180807963,9.502799676235332,2276900
2020-06-02,9.78436279296875,9.823957853823295,9.705172671259662,9.731569937914227,4835400
2020-06-03,10.206710815429688,10.250704585850967,10.004335947156802,10.004335947156802,4611200
2020-06-04,10.215508460998535,10.224307550212597,9.960340747682107,10.039530872353987,5253900
2020-06-05,10.259502410888672,10.417882650089233,10.237505528389608,10.373888045963824,4241400
2020-06-08,10.514670372009277,10.558664977239903,10.307896818290823,10.514670372009277,3772000
2020-06-09,10.303497314453125,10.347491919857099,10.197910764959966,10.241905370363941,3513000
2020-06-10,10.1099214553833,10.347491818767445,10.1099214553833,10.321094552306564,4377600
2020-06-11,9.406010627746582,9.832757220309759,9.38841328860736,9.731570212659092,3935600
2020-06-12,9.573189735412598,9.747407668266291,9.423608580239955,9.696374462945158,3986000
2020-06-15,9.625983238220215,9.67877693617905,9.335619997265033,9.3796146057095,4818400
2020-06-16,9.766766548156738,9.942744149925957,9.612785831935897,9.942744149925957,3470500
2020-06-17,9.73157024383545,9.907547831428056,9.713972065512525,9.889949653105132,3030300
2020-06-18,9.749167442321777,9.81955847634287,9.683175952817917,9.705172836276764,2571100
2020-06-19,9.52039623260498,9.740368425329697,9.46760337626235,9.740368425329697,2742500
2020-06-22,9.73157024383545,9.806360823453224,9.669977458832541,9.705172976351063,2812000
2020-06-23,9.907548904418945,10.065928330841174,9.889950724190133,10.030732809510965,2756000
2020-06-24,9.64358139038086,9.898749111695015,9.63478230089101,9.889950022205165,4035000
2020-06-25,10.030732154846191,10.030732154846191,9.731570662628174,9.766766181661316,2984600
2020-06-26,9.872352600097656,10.114321685160979,9.832757536850588,10.101123051036172,5266300
2020-06-29,10.013134002685547,10.118720551220397,9.94274297032898,10.039530430037436,2961600
2020-06-30,10.153916358947754,10.153916358947754,9.977938773003498,9.98673786208254,3422600
2020-07-01,10.039529800415039,10.197910032848252,10.021932462993151,10.127519004906212,3293500
2020-07-02,10.250703811645508,10.373888541252501,10.224307383560909,10.321094845955985,2853000
2020-07-06,10.49707317352295,10.55866511819166,10.39148662303631,10.42668213986519,2917800
2020-07-07,10.303497314453125,10.523469502345696,10.285899136640612,10.523469502345696,4808100
2020-07-08,10.444279670715332,10.453078759866134,10.287659911642201,10.294698511660982,3359400
2020-07-09,10.268301963806152,10.505871494221088,10.24190553578834,10.497073244300028,2614300
2020-07-10,10.49707317352295,10.541066940213565,10.316696044884026,10.32109475025124,2984800
2020-07-13,10.382688522338867,10.49267462778922,10.360690797772362,10.4442804728703,3248200
2020-07-14,10.699446678161621,10.717044855305247,10.52786864664762,10.549865528949882,3980600
2020-07-15,10.620258331298828,10.712647098463728,10.541068199193889,10.67305203241126,2324000
2020-07-16,10.620258331298828,10.664252942371286,10.51467176820138,10.541068199193889,3500900
2020-07-17,10.620258331298828,10.664252942371286,10.585062810266345,10.64665560141875,2420500
2020-07-20,10.576262474060059,10.611457988153134,10.492672813416284,10.541066120839735,3003200
2020-07-21,10.83143138885498,10.928218853800843,10.805034120947376,10.84902872833271,3491000
2020-07-22,10.875425338745117,10.989810984206422,10.813833390853397,10.98101189475693,4208200
2020-07-23,10.699446678161621,10.743441281893416,10.621136803777935,10.717044855305247,3500500
2020-07-24,10.708245277404785,10.8138318180598,10.681848852022839,10.743440790956457,2302500
2020-07-27,10.822632789611816,10.857828309288303,10.70824714088139,10.769839090533397,1988100
2020-07-28,10.629055976867676,10.774237586287654,10.585061371774014,10.761038953021366,2214300
2020-07-29,10.541068077087402,10.554266711994472,10.347493133214801,10.400285994588273,2137800
2020-07-30,10.32989501953125,10.347493199520109,10.153917415279698,10.241906636969178,2219600
2020-07-31,10.277101516723633,10.488274628652304,10.215508729732253,10.470676449761237,2782600
2020-08-03,10.417881965637207,10.431079758618642,10.28589816193228,10.321093675094815,1476900
2020-08-04,10.558664321899414,10.58946029191126,10.52346880772484,10.549865233573957,1987000
2020-08-05,10.743441581726074,10.769838009050925,10.673050549441607,10.673050549441607,1830000
2020-08-06,10.769837379455566,10.769837379455566,10.629055323116631,10.646653499722621,2075600
2020-08-07,10.725844383239746,10.734643472860386,10.563065420894773,10.602660485060278,1889700
2020-08-10,10.805034637451172,10.813833727174323,10.725844508197582,10.761040027962801,1518400
2020-08-11,10.840229988098145,10.981012064962686,10.831431737639637,10.901822776071908,3351300
2020-08-12,11.01620864868164,11.148191638660485,10.994210924266909,11.139392548894591,2167000
2020-08-13,10.919419288635254,11.037324227118024,10.90182194992441,10.9722129830224,1875200
2020-08-14,10.849027633666992,10.893022236613275,10.761038427774425,10.769837516189133,1645600
2020-08-17,10.813833236694336,10.862227388849282,10.743442200356602,10.831431415342442,1648200
2020-08-18,10.68185043334961,10.778637900163185,10.65985270966878,10.752241470873548,1511500
2020-08-19,10.690649032592773,10.778638251932977,10.668652147321415,10.717046301871266,2091300
2020-08-20,10.585062026977539,10.598260661060808,10.519070534815894,10.523470079510316,1910800
2020-08-21,10.585062026977539,10.611459295144076,10.48387501638786,10.49707365047113,1424700
2020-08-24,10.796236991882324,10.813834333187408,10.673052246237024,10.717046858190875,1986600
2020-08-25,10.761040687561035,10.92822004603863,10.734644255900996,10.893024524116099,1753900
2020-08-26,10.893022537231445,10.937017141391863,10.831430594883232,10.85782702172857,1422000
2020-08-27,10.813833236694336,10.901822451680175,10.783037263187495,10.893023362356123,2974500
2020-08-28,10.875425338745117,10.910620857415722,10.835830275349768,10.901822607093587,1614300
2020-08-31,10.690649032592773,10.842870096748014,10.690649032592773,10.831431951362575,1589100
2020-09-01,10.725844383239746,10.752241652101665,10.611459574680918,10.664252434150013,1598900
2020-09-02,10.937018394470215,10.95461573467418,10.787437226663322,10.813833656532957,2001000
2020-09-03,10.761040687561035,11.042605702068713,10.708247824240956,10.99861108988369,3399000
2020-09-04,10.813833236694336,10.91502024653891,10.68185025334292,10.893023362356123,2848100
2020-09-08,10.576262474060059,10.664250839729126,10.541066120839735,10.629055325636049,3379400
2020-09-09,10.840229988098145,10.893023686486032,10.761039860079997,10.82263264805376,2130100
2020-09-10,10.743441581726074,11.00740837235647,10.699446976766458,10.989810194721708,2783600
2020-09-11,10.778636932373047,10.83670957507245,10.725843239406645,10.83143062533945,1730700
2020-09-14,11.01620864868164,11.1129961187243,10.950216314564832,11.007409558915748,1582900
2020-09-15,10.813833236694336,10.963414398693857,10.787436807849522,10.937017969849043,1951600
2020-09-16,10.866626739501953,10.937017774582948,10.730243374796114,10.778637526087046,1884900
2020-09-17,10.796236991882324,10.83143251361992,10.712647313082748,10.717046858190875,1694900
2020-09-18,10.585062026977539,10.659852608528029,10.541067419160658,10.611459295144076,1935600
2020-09-21,10.004334449768066,10.074725478859264,9.854753303167458,10.030730875895452,3508300
2020-09-22,9.881150245666504,10.013134061455185,9.793161874268018,9.969139456192291,2327900
2020-09-23,9.59958553314209,9.87675094212134,9.590786444797011,9.828356795350654,3696200
2020-09-24,9.485201835632324,9.59078839991575,9.432408973054322,9.52919644719894,3978100
2020-09-25,9.24763011932373,9.265227456370406,9.143803229453951,9.186037341842306,2671800
2020-09-28,9.740368843078613,9.78436345133588,9.599586767957247,9.625983197260664,3090600
2020-09-29,9.687576293945312,9.72277181384999,9.603986619498937,9.678777204187297,2638000
2020-09-30,9.810759544372559,9.925145186269905,9.757966687575216,9.79316220514922,3294000
2020-10-01,9.872352600097656,9.903148573928185,9.768525694539097,9.881150850386842,4539400
2020-10-02,9.977938652038574,10.013134168800741,9.74036828454846,9.766765551465568,3330300
2020-10-05,10.180313110351562,10.206710378426983,10.109922073738467,10.145117592045015,2400200
2020-10-06,10.189112663269043,10.40028578271576,10.180313573510249,10.38268844232556,3395000
2020-10-07,10.338693618774414,10.373889137954084,10.259503490838316,10.285899920441226,2502700
2020-10-08,10.365090370178223,10.400285890450593,10.294699329633481,10.391487639728046,2430100
2020-10-09,10.268301963806152,10.38268760405309,10.203189879626413,10.38268760405309,2024800
2020-10-12,10.391487121582031,10.41348400598267,10.285899726902382,10.303497905724774,2175800
2020-10-13,10.241905212402344,10.329893582725939,10.1979106076769,10.303497155541589,1713300
2020-10-14,10.127520561218262,10.281501273176652,10.118721471591526,10.25950354910981,3387500
2020-10-15,10.06592845916748,10.074727549394064,9.854755328494074,9.863554418720655,3963100
2020-10-16,10.224308013916016,10.285899962953156,10.158316520072312,10.189112494590882,2484300
2020-10-19,10.338693618774414,10.593861342608857,10.338693618774414,10.470676605916331,4260500
2020-10-20,10.884223937988281,11.033805095383318,10.875424848935086,10.901822116094671,6822600
2020-10-21,10.752241134643555,10.954615151414663,10.752241134643555,10.8842241160919,3942900
2020-10-22,10.945816993713379,10.98101251436992,10.717046529009558,10.734643869774127,2884900
2020-10-23,10.945816993713379,11.042605304864422,10.877186441691414,11.025007124972449,2119900
2020-10-26,10.901822090148926,10.94581585705556,10.809433333564899,10.910620340053862,3258600
2020-10-27,10.637855529785156,10.840229547266294,10.637855529785156,10.805034029481428,2368200
2020-10-28,10.197911262512207,10.338693335371788,10.158316199629532,10.294698727821332,3359900
2020-10-29,10.197911262512207,10.360690219583343,10.09232470786752,10.153916654961751,2797200
2020-10-30,10.28589916229248,10.31229642907708,10.146876745910689,10.277100912491587,3221500
2020-11-02,10.50587272644043,10.541068247634652,10.422283888058788,10.514671816520838,2710300
2020-11-03,11.200984001159668,11.262576787655963,10.97661309599355,10.998609980303216,4317100
2020-11-04,11.060201644897461,11.218581893085291,11.025006127425424,11.130592679841536,3879700
2020-11-05,11.429755210876465,11.49134799694562,11.288973138365268,11.306571316992839,2806400
2020-11-06,11.491348266601562,11.555580109670244,11.464950998040768,11.52654378555526,2857700
2020-11-09,11.904894828796387,12.089671504149205,11.724517697990935,11.904894828796387,6521400
2020-11-10,12.03687858581543,12.107269619955973,11.953288918100789,12.04567683573751,3746900
2020-11-11,12.010481834411621,12.08967196100208,11.935691252534783,11.975286315830012,3752700
2020-11-12,11.852102279663086,11.957688834154508,11.777311698674078,11.904895137345125,1979200
2020-11-13,12.028079986572266,12.045677326260341,11.962088494269121,11.966488038972978,2284600
2020-11-16,12.54721450805664,12.613206000329344,12.353638736813007,12.362437826216661,5037600
2020-11-17,12.75838851928711,12.793584040257977,12.613206890391352,12.652801956374505,3429500
2020-11-18,12.53841495513916,12.758387147334584,12.53841495513916,12.696795202040608,2560300
2020-11-19,12.731990814208984,12.740789064225673,12.613205628146746,12.670398029328197,2117800
2020-11-20,12.687996864318848,12.701195498718004,12.564812127308832,12.60880673617865,2830900
2020-11-23,12.81118106842041,12.859574380949555,12.767186461380643,12.79358288995357,3347100
2020-11-24,13.322039604187012,13.340090700488565,13.06931736984775,13.096395305447116,2435100
2020-11-25,13.1956787109375,13.213730668310069,13.042240516329471,13.114446624290343,1949300
2020-11-27,13.132497787475586,13.186651934788918,13.042239727600498,13.042239727600498,1806100
2020-11-30,12.762441635131836,13.0557790464802,12.753415656748274,12.997111047751721,4671100
2020-12-01,13.087368965148926,13.137010984944183,12.762441493820507,12.771466611339465,6372500
2020-12-02,13.123472213745117,13.14152417058228,12.861724864958994,12.888801939450062,7683800
2020-12-03,13.087368965148926,13.177627026455818,13.019675849551088,13.078342986865303,3652700
2020-12-04,13.033214569091797,13.141524592059156,12.988086397080886,13.09639555928354,4146400
2020-12-07,13.06029224395752,13.18665250028388,13.010650222820914,13.141524329175716,2926900
2020-12-08,13.024189949035645,13.073831112298263,12.988086893587951,12.99711201187632,1602500
2020-12-09,13.033214569091797,13.16408867806461,12.961911403133383,13.09639555928354,2225800
2020-12-10,12.780492782592773,12.81298578844562,12.717312655182806,12.735363751257934,2024500
2020-12-11,12.599977493286133,12.645106524532391,12.52777138759799,12.60900347168832,1533000
2020-12-14,12.581926345825195,12.753416503439293,12.563875248624345,12.735364545473711,1564200
2020-12-15,12.906853675842285,12.915879654106707,12.708286457848343,12.807569636462983,2896400
2020-12-16,12.825621604919434,12.915879666118254,12.762441478539058,12.915879666118254,1716600
2020-12-17,12.735363960266113,12.861725077924522,12.726338842462772,12.843673120788452,1490800
2020-12-18,12.69023609161377,12.699261209632358,12.609004004093482,12.69023609161377,1962100
2020-12-21,12.45556640625,12.473617503919135,12.21187013198102,12.293102223404013,2880500
2020-12-22,12.347256660461426,12.464591802499696,12.311153606046936,12.428488748085206,1900500
2020-12-23,12.744389533996582,12.803057532060471,12.500694145753709,12.527771219832992,2181700
2020-12-24,12.699260711669922,12.744389743052121,12.640593573408339,12.744389743052121,618500
2020-12-28,12.70828628540039,12.780492389006614,12.672183233597279,12.70828628540039,1380100
2020-12-29,12.735363960266113,12.807570067281006,12.71279987461072,12.77146701377356,1803700
2020-12-30,12.69023609161377,12.834648309087743,12.654133037245277,12.753416221567456,2088000
2020-12-31,12.753416061401367,12.780493136646506,12.627054942316212,12.717313007486279,1658700
2021-01-04,12.897828102111816,13.0476562472477,12.789518941835693,13.033214337265797,4974100
2021-01-05,13.186652183532715,13.258858288488971,13.042239973620203,13.060291930241602,3584400
2021-01-06,13.62891674041748,13.764302982827926,13.430349505552723,13.484503658211006,5241300
2021-01-07,14.026049613952637,14.089229742329481,13.863585442966816,13.899688496434255,4618000
2021-01-08,13.800405502319336,13.899688685514185,13.665019265165931,13.890663567598075,2133900
2021-01-11,13.74625015258789,13.76430210950511,13.493528781099613,13.538657812627976,2451400
2021-01-12,13.863585472106934,13.872611450683939,13.694804148693358,13.746250332899956,4100300
2021-01-13,13.637940406799316,13.6650183410105,13.556709186459706,13.628915289493568,2796100
2021-01-14,13.75527572631836,13.818456712904934,13.687582611399923,13.701121578689472,2441800
2021-01-15,13.655993461608887,13.764302624873503,13.556710277140834,13.746250667280377,1786100
2021-01-19,13.448399543762207,13.5206056487967,13.39424539536867,13.502554552920412,3521100
2021-01-20,13.493528366088867,13.565734470007584,13.46193830322001,13.565734470007584,1547100
2021-01-21,13.47547721862793,13.601837469617028,13.430348188661258,13.58378637408915,2223600
2021-01-22,13.43034839630127,13.493528522772616,13.358142291544112,13.403271322208502,2942200
2021-01-25,13.114446640014648,13.326552835573143,12.99350145207341,13.303987888830374,5256700
2021-01-26,13.484503746032715,13.583787794494079,13.42132361393166,13.493529725122793,3954400
2021-01-27,13.141525268554688,13.353630614524658,13.132499289381986,13.340091645765606,5011100
2021-01-28,13.637940406799316,13.692095414457036,13.313012943146935,13.340090016593473,5087700
2021-01-29,12.988085746765137,13.204704060324325,12.929417748864942,13.150549051552197,4469300
2021-02-01,13.213730812072754,13.240807887661498,13.06029261579535,13.123472745757322,2134800
2021-02-02,13.394245147705078,13.400563160259658,13.27691001400242,13.303987087698525,2134900
2021-02-03,13.47547721862793,13.511580270448336,13.358142085020443,13.358142085020443,2018600
2021-02-04,13.511581420898438,13.556710454707643,13.385220298385606,13.385220298385606,2551700
2021-02-05,13.47547721862793,13.565734417796621,13.421322210514992,13.565734417796621,2800400
2021-02-08,13.845535278320312,13.980921522742555,13.610864984607995,13.619890963773411,7188100
2021-02-09,13.845535278320312,13.872612355051812,13.746251229030236,13.818458201588815,3140700
2021-02-10,13.926767349243164,14.017024558473222,13.822970310519711,13.99897346093311,3233900
2021-02-11,13.809431076049805,13.863585225017259,13.710147035001675,13.845534128949668,1709300
2021-02-12,13.899687767028809,13.917739723197572,13.791378612310167,13.800404590394548,1279500
2021-02-16,14.314873695373535,14.360002726307204,14.15241038908287,14.15241038908287,2377500
2021-02-17,14.098255157470703,14.165948272421305,13.976407034100825,14.152410165889979,2395200
2021-02-18,13.872611999511719,14.00348611176184,13.773328813530913,13.971895185492524,1759100
2021-02-19,14.007999420166016,14.107282608407324,13.989947461886825,14.053127594334498,1788500
2021-02-22,14.197539329528809,14.301336364537079,13.989946981041706,14.017024056765086,2060900
2021-02-23,14.08923053741455,14.161436648424171,13.899689280823111,14.080205419111902,2423900
2021-02-24,14.405131340026855,14.450260369653456,14.206564126128596,14.224616082285094,1917400
2021-02-25,14.260720252990723,14.621751657572027,14.21559121982247,14.522467612448928,3023700
2021-02-26,14.007999420166016,14.202052807078832,13.989947461886825,14.197539817509035,3099400
2021-03-01,14.269746780395508,14.314874954534055,14.179488710588918,14.179488710588918,2231700
2021-03-02,14.423182487487793,14.468312378041965,14.341951266784234,14.37805431846292,3143800
2021-03-03,14.251693725585938,14.41415789443171,14.161435662723914,14.17948761960219,4043900
2021-03-04,13.899687767028809,14.188513040376503,13.720977532628352,14.11630693723074,4839000
2021-03-05,14.107281684875488,14.143384738305638,13.850047321590074,14.107281684875488,3885800
2021-03-08,14.152411460876465,14.295920739980907,14.143385481853239,14.23364355055602,4143800
2021-03-09,14.071179389953613,14.18851453511774,13.926767168448453,14.035076334577322,5048200
2021-03-10,14.134358406066895,14.197538532797502,13.98182315977528,14.161435480270773,2277600
2021-03-11,13.926767349243164,13.985434492204464,13.836509279248357,13.899689411785872,3931900
2021-03-12,13.944817543029785,14.103671667064244,13.917740468092088,13.980920596534945,2526800
2021-03-15,13.899687767028809,13.913226734155382,13.701121413760287,13.87261069354031,2870400
2021-03-16,13.99897289276123,14.075691990913617,13.881637750836124,14.07117900152057,2278100
2021-03-17,14.215591430664062,14.22913039904476,13.971895164399896,13.998973101161289,2920300
2021-03-18,14.459287643432617,14.716522016361052,14.414158609761989,14.468313622319688,4567800
2021-03-19,14.46831226348877,14.486362498038226,14.21559004297424,14.350976270506234,4903000
2021-03-22,14.531493186950684,14.55856940102774,14.328412973725857,14.40513206974805,4628000
2021-03-23,14.179487228393555,14.423182614174037,14.15241015458787,14.378054444752781,3362200
2021-03-24,14.242667198181152,14.423182456182788,14.211077135626446,14.215590124672069,2277200
2021-03-25,14.495389938354492,14.540519833103994,14.184001411465493,14.28779758709516,2977200
2021-03-26,14.477338790893555,14.61272502356299,14.427695909793238,14.513440982891709,3629000
2021-03-29,14.071179389953613,14.138872511188564,13.931280157966082,13.998973279201033,3544500
2021-03-30,14.080204963684082,14.11630801802113,13.998972876234546,14.017023973020713,2480600
2021-03-31,14.017024040222168,14.116308085698579,13.989946964530747,14.062153073551018,2795900
2021-04-01,14.305848121643066,14.34646416211182,14.161435055107141,14.197538106549962,3430600
2021-04-05,14.450260162353516,14.531492242363134,14.405131133374324,14.432208206455986,1741500
2021-04-06,14.648826599121094,14.657852577123146,14.52697847838731,14.540518306155025,3241500
2021-04-07,14.639801979064941,14.639801979064941,14.486363781856129,14.540519654891783,2583500
2021-04-08,14.612724304199219,14.648826494420113,14.405131115458971,14.477338078194656,1756600
2021-04-09,14.621750831604004,14.621750831604004,14.504414835535913,14.513440813812636,1298800
2021-04-12,14.594673156738281,14.621751092050774,14.495389115455163,14.522467050767657,2213300
2021-04-13,14.446879386901855,14.474590545109029,14.340651665417658,14.474590545109029,2138500
2021-04-14,14.58543586730957,14.69628137960437,14.483827701269792,14.502301512858013,1447600
2021-04-15,14.650094985961914,14.696280834602431,14.548486823690208,14.696280834602431,2417900
2021-04-16,14.881024360656738,14.927209328783565,14.719374329447446,14.742466813510859,2182400
2021-04-19,14.723991394042969,14.86254893434303,14.705517583889348,14.80712662296041,3051700
2021-04-20,14.382218360900879,14.585435569756486,14.294466216033841,14.585435569756486,2350800
2021-04-21,14.280610084533691,14.280610084533691,13.994258525176352,14.040444374223897,4031300
2021-04-22,14.031208038330078,14.132817089733825,13.957311026902916,14.077393890702522,4225200
2021-04-23,14.160527229309082,14.225186889422247,13.924980191997381,13.97578471404161,2317300
2021-04-26,14.20671272277832,14.340650712649243,14.192856704134385,14.23442387914441,3065600
2021-04-27,14.058918952941895,14.095867455697883,13.8649390932425,13.948073444673925,4106800
2021-04-28,14.363744735717773,14.363744735717773,14.174383543509567,14.206713374239483,2947300
2021-04-29,14.400693893432617,14.443184278343633,14.266755010416274,14.372982734537528,2537900
2021-04-30,14.123579025268555,14.29446640608498,14.077393175243428,14.289847732990285,2560800
2021-05-03,14.188239097595215,14.294466820005557,14.179002632060188,14.234424948957733,2381500
2021-05-04,13.855701446533203,14.095867149694337,13.772567096906519,13.994258108629825,2969500
2021-05-05,14.188239097595215,14.215951136965831,13.985022761075092,14.040445077972636,2835800
2021-05-06,14.465353012084961,14.474590358342107,14.206713483337639,14.317558995657919,3649200
2021-05-07,14.594673156738281,14.594673156738281,14.33603362905746,14.354507440573752,2934000
2021-05-10,14.252900123596191,14.446880001137488,14.239044103442572,14.345270948521364,3849700
2021-05-11,13.95730972290039,14.082011248378823,13.85108288901363,13.985021760287896,3675000
2021-05-12,13.818754196166992,14.11434223856997,13.80027950305588,14.040445227969224,2391200
2021-05-13,14.10510540008545,14.16976506242144,13.800279138262763,13.818753830885521,2219700
2021-05-14,14.308320999145508,14.336033036657547,14.197475491862706,14.206712837700053,1782800
2021-05-17,14.39145565032959,14.40993034239003,14.28984748676257,14.345269801100288,1901400
2021-05-18,14.345270156860352,14.502301519581241,14.345270156860352,14.45611566920654,1433000
2021-05-19,14.336034774780273,14.391457094680268,14.11434285241462,14.2251883731365,2948000
2021-05-20,14.548487663269043,14.59005484135213,14.382218950936691,14.474590653548407,2845500
2021-05-21,14.659332275390625,14.696280777976314,14.594672616096114,14.631621118681805,1888000
2021-05-24,14.760940551757812,14.788652589603357,14.622383886217266,14.687043546013282,1629300
2021-05-25,14.77017879486084,15.001107172069753,14.756323656018289,14.93644750834625,2366100
2021-05-26,14.71475601196289,14.737848496584224,14.52077614600949,14.585435807686684,2016700
2021-05-27,14.99186897277832,15.001106318762472,14.87178699867153,14.890261690639836,3139700
2021-05-28,15.121190071105957,15.167375039233193,15.033436165083168,15.11195272511179,2996200
2021-06-01,15.232035636901855,15.31055220176328,15.195088012494608,15.241272983464594,2525300
2021-06-02,15.17661190032959,15.204322175583139,15.102714896580887,15.17661190032959,1851400
2021-06-03,15.259746551513672,15.315168864960198,15.195086892185461,15.222797167986934,2041000
2021-06-04,15.213561058044434,15.222798404676553,15.102716422146438,15.195088126623915,1422900
2021-06-07,15.213561058044434,15.268985137837152,15.171993879121755,15.250510444572912,1332400
2021-06-08,15.195087432861328,15.265288092741585,15.08424104018053,15.139663355599108,2075000
2021-06-09,15.028818130493164,15.117493479287765,15.010343438802948,15.111952481255559,1572400
2021-06-10,14.945684432983398,15.1304260724296,14.936447086734542,15.084241103028962,1954500
2021-06-11,15.001107215881348,15.033437047837522,14.945684898505581,14.973395176271612,2041400
2021-06-14,15.01958179473877,15.075004111693081,14.964159477784458,15.001107101806102,1421700
2021-06-15,15.121190071105957,15.17661238522736,15.019581027013718,15.019581027013718,1625800
2021-06-16,14.945684432983398,15.038056133628324,14.881024771085047,15.010344094881752,1952500
2021-06-17,14.668570518493652,15.005726616247767,14.576198815918472,14.954922091739233,3036000
2021-06-18,14.336034774780273,14.483828802409448,14.303704060429736,14.391457094680268,2733700
2021-06-21,14.400693893432617,14.409931240038267,14.294467050233223,14.326796882431138,2038400
2021-06-22,14.243661880493164,14.299084195776244,14.19285735738216,14.25289922668095,2283300
2021-06-23,14.308320999145508,14.377599331082035,14.280609842555254,14.3637441932478,1878600
2021-06-24,14.465353012084961,14.511538862448868,14.345270153507533,14.400693350128586,2013600
2021-06-25,14.4838285446167,14.511539704073476,14.396075511928053,14.44688003836704,2016800
2021-06-28,14.363744735717773,14.446879089550023,14.289847728071733,14.446879089550023,1649700
2021-06-29,14.299084663391113,14.428404871483748,14.271373504843352,14.372982554388223,2066200
2021-06-30,14.16976547241211,14.197476631226214,14.068156421890627,14.086631115047936,2240900
2021-07-01,14.289847373962402,14.289847373962402,14.192857003254307,14.271372682047796,1955700
2021-07-02,14.234424591064453,14.280610441265727,14.155908909998832,14.271373095041108,1396300
2021-07-06,14.031208038330078,14.151290902129684,13.924981194518764,14.142054436392687,1936000
2021-07-07,13.929598808288574,13.998877141116628,13.837227110569973,13.938836154244795,1567000
2021-07-08,13.560113906860352,13.670959416612666,13.495453365480147,13.624773567318751,2777800
2021-07-09,13.837228775024414,13.874178163293864,13.707909439768946,13.781806454464043,2988800
2021-07-12,13.948074340820312,13.975785499437263,13.735619775632086,13.763330934249037,2860100
2021-07-13,13.901888847351074,14.003497018845668,13.837228301016449,13.966548512763827,2274000
2021-07-14,13.938836097717285,14.021970449142525,13.84646440037329,13.948073443636044,2574400
2021-07-15,13.883413314819336,13.985022361095163,13.809516307121545,13.84646481097044,1614900
2021-07-16,13.73561954498291,13.892650909378505,13.707908386831285,13.8741770975847,2192200
2021-07-19,13.430793762207031,13.550876618513778,13.31994825198276,13.476979611697596,3500900
2021-07-20,14.10510540008545,14.179002408732819,13.744856822238152,13.763330633939079,3973600
2021-07-21,14.594673156738281,14.677807510866142,14.382218598309098,14.40069329074721,2822900
2021-07-22,14.493063926696777,14.645476613694441,14.44687895802982,14.640858821565194,2506200
2021-07-23,14.71475601196289,14.742467169692855,14.608528292308018,14.705518665745627,2845600
2021-07-26,14.973394393920898,15.005725986031468,14.84407507285306,14.853312418906993,2500700
2021-07-27,14.973394393920898,15.028818470244495,14.834837726799128,14.899497387333046,2609700
2021-07-28,14.945684432983398,15.00664950875094,14.816365109186693,14.954921779232256,1784500
2021-07-29,15.259746551513672,15.305931519078513,15.185849546303777,15.250509205631987,1811900
2021-07-30,15.222797393798828,15.379828752429672,15.176612425548887,15.287457054086188,2049900
2021-08-02,15.27822208404541,15.51838604281123,15.26898473765539,15.3890667170383,2316400
2021-08-03,15.426015853881836,15.462963477002528,15.241272452747438,15.416778507640752,2075400
2021-08-04,15.333643913269043,15.426015612390179,15.315169221076093,15.370591535811327,1889300
2021-08-05,15.462964057922363,15.49529389005892,15.392761633327641,15.407541740237372,1882200
2021-08-06,15.601520538330078,15.619995231275727,15.52762352839118,15.546098221336827,1958200
2021-08-09,15.573809623718262,15.638469284539473,15.528547861143412,15.610757246254545,1650900
2021-08-10,15.638468742370605,15.661561225885643,15.532241908726581,15.55533439224162,1539200
2021-08-11,15.767789840698242,15.786264534334643,15.703130174814595,15.740079562087397,1465100
2021-08-12,15.758552551269531,15.795501938676896,15.668029018702756,15.74931520441769,1106300
2021-08-13,15.81397533416748,15.887872341072036,15.71236628898236,15.777025949793392,1649300
2021-08-16,15.767789840698242,15.772409395029221,15.596903329170923,15.693892827996395,1274400
2021-08-17,15.583046913146973,15.721603580380524,15.462963176192577,15.610757189487515,1788600
2021-08-18,15.499913215637207,15.680037066839226,15.490675869185349,15.546098186052811,1698200
2021-08-19,15.315170288085938,15.360432053821528,15.222798582529254,15.28745824786581,1917900
2021-08-20,15.352119445800781,15.38906707036549,15.259747741623437,15.278222434827649,1647500
2021-08-23,15.453726768493652,15.518386433005922,15.421396936237517,15.444489421871369,1561900
2021-08-24,15.546098709106445,15.592283681075958,15.453727003323673,15.453727003323673,1311800
2021-08-25,15.703128814697266,15.772408028911315,15.57380949413089,15.629231808395964,1623000
2021-08-26,15.453726768493652,15.633850623018894,15.42601649047052,15.592283444140476,1216400
2021-08-27,15.610758781433105,15.619996128436492,15.38906773888321,15.398305085886596,955800
2021-08-30,15.398303031921387,15.495292519753917,15.389065686150161,15.462962690476408,1304900
2021-08-31,15.389066696166992,15.458345913076345,15.361354657034516,15.453726358965762,1394200
2021-09-01,15.472199440002441,15.555333786896202,15.39830243852393,15.42601447476968,1511600
2021-09-02,15.462964057922363,15.53686106878359,15.392761633327641,15.453726711334246,1123800
2021-09-03,15.453726768493652,15.49529394737207,15.398304450603668,15.444489421871369,1206700
2021-09-07,15.444488525390625,15.612605405207843,15.435251179304526,15.5183855322358,1192700
2021-09-08,15.324405670166016,15.477742435073502,15.2689833586749,15.407540018324449,1577600
2021-09-09,15.250509262084961,15.393685481015694,15.232034570253205,15.250509262084961,1421300
2021-09-10,15.27822208404541,15.396455889412847,15.26898473765539,15.379829370648281,1365100
2021-09-13,15.453726768493652,15.509150848227357,15.361355064114532,15.407541797225951,1784000
2021-09-14,15.30593204498291,15.569190245203808,15.282839560407043,15.536860414428865,1546300
2021-09-15,15.43525218963623,15.48143892308993,15.365974732221279,15.407541911407742,1469400
2021-09-16,15.462964057922363,15.54609841537171,15.398304393649255,15.518386375607356,1770000
2021-09-17,15.139663696289062,15.435251734297996,15.121190765296264,15.398304110468718,1698600
2021-09-20,14.215950965881348,14.405312161359104,14.05891960169172,14.39145614184055,4181200
2021-09-21,14.10510540008545,14.289847921703872,14.09124938061838,14.23442472475743,2868900
2021-09-22,14.419167518615723,14.53925038016537,14.372982548030498,14.400693706566003,1788400
2021-09-23,14.58543586730957,14.69628137960437,14.525394878495572,14.548487363211304,2253400
2021-09-24,14.659332275390625,14.705518123853183,14.603909961972985,14.603909961972985,1987500
2021-09-27,14.908735275268555,14.954922007216949,14.80712798866944,14.80712798866944,1914600
2021-09-28,14.742466926574707,14.964158827523969,14.696281077171868,14.927209443264253,2490900
2021-09-29,14.908735275268555,14.952150627115678,14.805279814654032,14.871787651553515,2744400
2021-09-30,14.723991394042969,14.881023625418408,14.650094391584974,14.853311588805342,2708000
2021-10-01,14.71475601196289,14.779415673640083,14.542021337571738,14.659332815581138,2753300
2021-10-04,14.742466926574707,14.913354305088665,14.68704373110694,14.807127468107403,2259500
2021-10-05,14.936447143554688,15.001106805699015,14.723992583631887,14.770178434130045,2088400
2021-10-06,14.89026165008545,14.899497234200851,14.640858594723381,14.733229411547935,2242400
2021-10-07,15.185850143432617,15.329024605619594,15.176612797187707,15.176612797187707,1788100
2021-10-08,15.43525218963623,15.518386548009158,15.296695512962597,15.333644899725556,2163200
2021-10-11,15.389066696166992,15.65694445558324,15.389066696166992,15.583047446406976,1590100
2021-10-12,15.43525218963623,15.495294062204174,15.352119593107036,15.46296422970845,1725200
2021-10-13,15.472199440002441,15.49991147624819,15.278220471812658,15.453724749171942,1215000
2021-10-14,15.84168529510498,15.856465400928982,15.726221114000944,15.804737673310353,2479200
2021-10-15,15.961769104003906,16.02642876382663,15.841685368467198,15.934057066146913,2413000
2021-10-18,15.89710807800293,15.961769501278612,15.878635147482084,15.89710807800293,1355700
2021-10-19,15.961769104003906,16.003336279867597,15.915582374242252,15.943294412099243,1736600
2021-10-20,16.100326538085938,16.14651150820845,15.934057826695001,15.971007212267955,1741900
2021-10-21,16.091087341308594,16.091087341308594,15.989478304511113,16.0171903405041,1699200
2021-10-22,16.3220157623291,16.3220157623291,16.151129277547188,16.211169379702994,1614700
2021-10-25,16.41438865661621,16.469810971067385,16.26659464351734,16.322016957968515,2456200
2021-10-26,16.589893341064453,16.659172557160833,16.50676074832991,16.534471025293538,2995700
2021-10-27,16.66379165649414,16.811585669079328,16.60836758039199,16.66379165649414,2775000
2021-10-28,16.793109893798828,16.81158458464116,16.599129163641322,16.645315890747153,1811700
2021-10-29,16.765399932861328,16.90395660764325,16.7099776153173,16.820822250405353,1633600
2021-11-01,17.107173919677734,17.134884196250354,16.987090181717626,16.996327527856373,2259100
2021-11-02,17.153358459472656,17.194925635135498,17.014801794544383,17.05174941633158,1759700
2021-11-03,17.171833038330078,17.247578217168776,17.097936033398195,17.190307730023942,2091900
2021-11-04,16.830059051513672,17.04713228413776,16.74230690475934,17.042514491926966,2382100
2021-11-05,16.95014190673828,16.987089528027848,16.88086269428545,16.977852182244565,1862300
2021-11-08,16.89472007751465,17.005564706399973,16.885482731466936,16.90395566171875,1803800
2021-11-09,16.95014190673828,17.01018377340783,16.88086269428545,16.968616598304845,2355200
2021-11-10,16.709978103637695,16.913194448466914,16.70074075680313,16.8762468229724,1545600
2021-11-11,16.756162643432617,16.783874683220976,16.603750829205918,16.6453180079666,1842800
2021-11-12,16.719213485717773,16.783873144117525,16.612986652369102,16.62684179007089,1349400
2021-11-15,16.636079788208008,16.77740783620784,16.622224649962888,16.746924417856224,865300
2021-11-16,16.636079788208008,16.71921414136598,16.62684244209672,16.700739449143406,804900
2021-11-17,16.857770919799805,16.89472030448705,16.714594696902182,16.719214250909904,1444900
2021-11-18,16.599130630493164,16.70073967726161,16.56218300738696,16.67302763854922,1535600
2021-11-19,16.15574836730957,16.266594758841386,16.091088706350853,16.22964537438291,1662600
2021-11-22,16.13727378845215,16.34972922689376,16.12803644227263,16.174223173170216,1749800
2021-11-23,16.229646682739258,16.2527391689656,16.10494514290448,16.10956469725601,2103300
2021-11-24,16.3220157623291,16.38205762632839,16.183459105429076,16.183459105429076,1613800
2021-11-26,15.758552551269531,15.772409452469175,15.601521178475757,15.758552551269531,1317900
2021-11-29,15.84168529510498,15.915582300537821,15.70774642218184,15.832447949195428,1629700
2021-11-30,15.961769104003906,16.012571863976337,15.753933224685445,15.961769104003906,3503900
2021-12-01,15.878634452819824,16.28506709599587,15.869397107041701,16.229644783170695,2842500
2021-12-02,16.37744140625,16.451338422427536,16.049523507077414,16.063378647034504,2574200
2021-12-03,16.174222946166992,16.39591396583308,16.086470801458628,16.39591396583308,1902900
2021-12-06,16.37744140625,16.488287811438227,16.34049377908315,16.395916100755343,2730000
2021-12-07,16.64531707763672,16.737688776591426,16.562182724761843,16.589893001157726,1750600
2021-12-08,16.65455436706543,16.73306916571151,16.622224536817797,16.65455436706543,1543900
2021-12-09,16.55294418334961,16.589891803157236,16.491979113100058,16.55294418334961,1400200
2021-12-10,16.53447151184082,16.589893829242605,16.437482015926772,16.48828654097995,2218700
2021-12-13,16.41438865661621,16.673027298617427,16.41438865661621,16.654554368362778,2910100
2021-12-14,16.4051513671875,16.52985289651574,16.29430497605897,16.386676675025477,2196800
2021-12-15,16.248119354248047,16.2896865290196,16.114180484223755,16.285066975243016,2296000
2021-12-16,16.497522354125977,16.6176043243092,16.446717833794924,16.571419357741085,2064400
2021-12-17,16.081851959228516,16.34972972099913,16.06337726631116,16.34972972099913,2471800
2021-12-20,15.934057235717773,15.961769273869677,15.786263222594837,15.924819889667138,2575100
2021-12-21,16.128036499023438,16.201935268719602,16.077233737622784,16.118800914655058,1905300
2021-12-22,16.248119354248047,16.266594045667304,16.054138618032944,16.100325346581087,1606700
2021-12-23,16.460575103759766,16.520616977551192,16.34049311802068,16.368203396813826,1422100
2021-12-27,16.691503524780273,16.705358664205548,16.511379664876625,16.552946844996217,1052300
2021-12-28,16.728450775146484,16.760780604237514,16.654553771246484,16.663791116964425,1084300
2021-12-29,16.66379165649414,16.73306910885642,16.57603775025421,16.60836758039199,1325300
2021-12-30,16.55294418334961,16.700738186267092,16.55294418334961,16.663790566459465,1798500
2021-12-31,16.50676155090332,16.58065856280536,16.474429956467674,16.552946522650693,1089100
2022-01-03,16.737689971923828,16.77925715132981,16.599131532674722,16.608368879414247,1887200
2022-01-04,17.199546813964844,17.272518858395696,17.033278095604985,17.08870041444369,2363300
2022-01-05,16.987091064453125,17.310391148735143,16.940906093203,17.236494137628714,2868200
2022-01-06,17.56903076171875,17.596741038458816,17.338102392385466,17.476659061616708,4109400
2022-01-07,17.873857498168945,17.910805123913647,17.763011097247297,17.827670763683354,3074600
2022-01-10,17.772249221801758,17.79072391640439,17.600439495160067,17.763011874500442,3539900
2022-01-11,17.883092880249023,17.910803156052076,17.7122046241935,17.78148383738829,2545300
2022-01-12,18.07707405090332,18.104786091911283,17.952372509133177,17.966229410559052,2275200
2022-01-13,18.07707405090332,18.275672606850907,18.05398156431858,18.206393385252895,2379100
2022-01-14,18.123258590698242,18.137113728602092,17.96068447446249,18.02164954782045,2186400
2022-01-18,17.910804748535156,18.044743632970594,17.6983510598854,18.021651147133664,5706900
2022-01-19,17.70758819580078,17.947753921702205,17.69835084920722,17.938516575108647,2711200
2022-01-20,17.698348999023438,17.901565317306407,17.67063696213977,17.744533965319352,6415700
2022-01-21,17.57826805114746,17.763009688911314,17.518226181998482,17.75377234274658,7836900
2022-01-24,17.06098747253418,17.088699511410994,16.640697906375927,16.950142840714232,11875800
2022-01-25,17.1903076171875,17.25496727584803,16.760780728264205,16.95014191227442,6053100
2022-01-26,17.365814208984375,17.56903231959732,17.19954724826987,17.53208293154268,6186500
2022-01-27,17.014801025390625,17.347338415661007,16.839294984765314,17.20877999515268,7977200
2022-01-28,17.024038314819336,17.03327566027904,16.677645788376218,16.746923236558743,9245700
2022-01-31,17.245731353759766,17.25496870030864,16.917813479571375,16.95938065811946,6229600
2022-02-01,18.8437557220459,18.8437557220459,18.2341049311741,18.261816971429635,9568100
2022-02-02,18.963838577270508,19.056208516762975,18.714435512216056,18.917651845680613,5507700
2022-02-03,18.816043853759766,19.107012323560447,18.788331815845776,19.028497525569545,4193000
2022-02-04,18.852991104125977,18.926888108596177,18.585115123612834,18.594350707558494,4220400
2022-02-07,19.037734985351562,19.120869337746917,18.820661758336623,18.936125940903104,3481500
2022-02-08,19.434932708740234,19.45340563957085,19.162437158247414,19.240951959347612,3933600
2022-02-09,19.675098419189453,19.813656864748506,19.63815079239251,19.758232781787356,3769700
2022-02-10,19.564250946044922,19.845983827211175,19.499591287123533,19.67509557224057,4029300
2022-02-11,19.13010597229004,19.656624153650906,19.010023991038846,19.397983736237343,7004900
2022-02-14,19.01926040649414,19.116249897584765,18.880703738958445,19.01926040649414,5958300
2022-02-15,19.13934326171875,19.21324027192447,19.000786587813487,19.065446251513027,3517300
2022-02-16,18.936126708984375,19.010023718350567,18.7144356808858,18.742147720089502,3857200
2022-02-17,18.6497745513916,18.843753525032895,18.580495339751977,18.76061917580276,3459000
2022-02-18,18.62206268310547,18.86684617925472,18.53338557329819,18.705197033088904,2920800
2022-02-22,17.966228485107422,18.2433418335376,17.763010385204502,18.00317610937105,5900900
2022-02-23,17.726062774658203,18.178682183761065,17.661403110764038,18.1140225198669,3599500
2022-02-24,16.580656051635742,16.58989163511148,16.044902356025858,16.128034940211805,12574900
2022-02-25,17.411998748779297,17.481276199881684,17.227255355485788,17.254967393032885,6322500
2022-02-28,16.756162643432617,17.024040409188963,16.61760596817824,16.756162643432617,7206700
2022-03-01,16.054140090942383,16.571420927078943,15.837068613303002,16.5529462339647,9217500
2022-03-02,16.174222946166992,16.27583199087197,16.04028407120927,16.10032593961163,6084300
2022-03-03,15.730840682983398,16.183460061924627,15.647706331561174,16.16498537008778,8141200
2022-03-04,14.677807807922363,14.945684687243656,14.511539096301616,14.927209994431644,9454000
2022-03-07,13.966547966003418,14.520776416456044,13.892650956732647,14.400693556160581,12411000
2022-03-08,14.936447143554688,15.375211401904462,14.590054586201234,14.88102482769436,16882900
2022-03-09,15.610758781433105,15.837069378406591,15.55533646125658,15.675418448613017,11455600
2022-03-10,15.37059211730957,15.601520492927053,15.278222176537527,15.42601619598522,9364100
2022-03-11,15.342881202697754,15.83244821109744,15.333643856635394,15.767788550504546,7860900
2022-03-14,15.703128814697266,16.026428877956814,15.555334802094663,15.934057179619286,9394000
2022-03-15,15.80473804473877,15.860160359654989,15.564572330976992,15.79550069861213,6389900
2022-03-16,16.70073890686035,16.76539856569621,16.257356878977124,16.312779192001635,7328600
2022-03-17,16.92243194580078,16.95014398655094,16.576039364720764,16.654555932591,6168000
2022-03-18,17.1903076171875,17.213400100731466,16.793110557594467,16.8485328704687,5366200
2022-03-21,17.319625854492188,17.384285509120673,17.199543890445494,17.33810054491274,6099300
2022-03-22,17.735300064086914,17.82305221311163,17.63369101438399,17.661403053896706,4647800
2022-03-23,17.46742057800293,17.638307066865792,17.411998266288073,17.485895269189058,4024100
2022-03-24,17.642929077148438,17.66140377090694,17.495135050767942,17.578269410837443,2722700
2022-03-25,17.8646183013916,17.873855647332192,17.661401976229353,17.689112252207536,3241500
2022-03-28,17.735300064086914,17.910804362136346,17.507141305303996,17.89233143097157,3579600
2022-03-29,18.169443130493164,18.286755482426997,17.97546239518841,18.160205784826886,3280700
2022-03-30,17.9754638671875,18.17406241066673,17.878474372514486,18.169444618377213,2743800
2022-03-31,18.049362182617188,18.36342314383757,18.049362182617188,18.32647552092373,4392300
2022-04-01,18.187917709350586,18.25257736677113,17.967149906269345,18.206390638725367,3454500
2022-04-04,18.437320709228516,18.446558055697313,18.2433417189149,18.298764035883977,3916400
2022-04-05,17.495134353637695,17.799959741131534,17.448947621081842,17.799959741131534,4486500
2022-04-06,17.171833038330078,17.24573004326196,16.95937936938136,17.033276374313242,4693500
2022-04-07,17.171833038330078,17.24573004326196,16.848532981061744,17.11641072509206,4257800
2022-04-08,17.116411209106445,17.287297707498052,16.97785277932791,16.97785277932791,3022900
2022-04-11,16.996328353881836,17.33810313025137,16.98709100729415,17.199546455123503,3518200
2022-04-12,16.920368194580078,17.262194400064875,16.853902390415218,17.186233222296845,2991900
2022-04-13,16.95834732055664,16.977336254053615,16.777938869407272,16.815918547458303,3411400
2022-04-14,16.720970153808594,16.910872185564582,16.701979407315815,16.863397130389902,4189700
2022-04-18,16.720970153808594,16.820668856309783,16.573794585075458,16.635513605648356,2428800
2022-04-19,16.967844009399414,16.986832944369773,16.815919852235975,16.863396717304934,3060000
2022-04-20,17.00582504272461,17.21946642488092,16.925117082275207,17.138756653374152,2726100
2022-04-21,16.607027053833008,17.18623212939233,16.56429878086458,17.157746010394305,3053200
2022-04-22,16.407629013061523,16.720969065570436,16.341161404662657,16.701978320313618,4940700
2022-04-25,16.464599609375,16.531065407409447,16.008832584804072,16.36964769315843,5558500
2022-04-26,15.98984146118164,16.60702618540686,15.975599307955997,16.474094592481862,4719000
2022-04-27,16.38863754272461,16.48358945375061,16.170249415104756,16.198733720672607,4790200
2022-04-28,16.407629013061523,16.47409481040324,16.056307470038973,16.322172470462988,3738300
2022-04-29,15.98984146118164,16.559551133949967,15.970850716176033,16.407628796019363,4146000
2022-05-02,16.037317276000977,16.04681264895575,15.72872580472824,15.94236716856765,3321800
2022-05-03,16.464599609375,16.535813999301716,16.34591016686858,16.417124556795297,3525100
2022-05-04,16.967844009399414,16.967844009399414,16.326919913897672,16.407629678986286,5851600
2022-05-05,16.322172164916992,16.75420165060784,16.103782220666066,16.711473380108433,5263600
2022-05-06,16.274696350097656,16.417125134967094,16.094289695095572,16.25570741503133,4991700
2022-05-09,15.62902545928955,16.065803564535948,15.553064285906338,16.046812818425835,6572400
2022-05-10,16.04681396484375,16.198736322463827,15.757211404675056,16.170252012320912,4930300
2022-05-11,15.828423500061035,16.350656302044335,15.818928127708618,16.046811630995354,4309400
2022-05-12,15.856910705566406,16.07055025946059,15.593894487627509,15.790443094537022,4907000
2022-05-13,16.436113357543945,16.512074527688096,16.198734474461336,16.227220592411822,3798100
2022-05-16,16.255706787109375,16.364900856516048,16.089540481532747,16.322172584917162,4081500
2022-05-17,16.692481994628906,16.751352214929565,16.578539340650693,16.645006945254593,2702500
2022-05-18,16.464599609375,16.673492376205715,16.379143065885803,16.540560780136822,2929600
2022-05-19,16.79693031311035,16.891882228775795,16.52156993878629,16.54056068413081,4195700
2022-05-20,16.920368194580078,17.005824745951276,16.531066932136763,16.977338625141766,3427900
2022-05-23,17.499570846557617,17.594522758181885,17.271687345293625,17.290676278772814,2872400
2022-05-24,17.8319034576416,17.88887388602691,17.52805694711966,17.670485734668834,3722500
2022-05-25,17.604019165039062,17.723657602745973,17.428357484340545,17.480581129355933,3209400
2022-05-26,17.955337524414062,18.040794062224954,17.698967910981384,17.698967910981384,2440500
2022-05-27,18.012310028076172,18.029402786459833,17.760688977133995,17.784426504590517,4940700
2022-05-31,17.917360305786133,18.012310417665898,17.850892691990083,17.898369558987262,3200700
2022-06-01,17.812911987304688,17.94584358515428,17.679980389455093,17.917359277647762,6122400
2022-06-02,18.126251220703125,18.14524196554627,17.80341580259811,17.964833511650617,2980300
2022-06-03,17.841398239135742,18.031300264474044,17.765435255731774,18.002814145697556,1880000
2022-06-06,17.98382568359375,18.235446734032827,17.95059278300962,18.03130073841187,2048200
2022-06-07,17.90786361694336,17.92210577046769,17.684726886090637,17.736950530422735,2533500
2022-06-08,16.986833572387695,17.366641262752275,16.967844636715295,17.167242044205143,5776900
2022-06-09,16.436113357543945,16.99632766650348,16.436113357543945,16.977336921203154,4686600
2022-06-10,16.008832931518555,16.1227737846004,15.87589952151346,16.094289476858542,5169000
2022-06-13,15.239724159240723,15.505589170562494,15.182753732192207,15.410637251443488,6944000
2022-06-14,15.154268264770508,15.448618484684937,15.040326507053868,15.344171194298239,5553000
2022-06-15,15.420132637023926,15.595792510350002,15.159016217526844,15.467609502150719,7107200
2022-06-16,14.793452262878418,15.097296950471438,14.736481836719024,15.049821897181475,7758500
2022-06-17,14.916889190673828,15.09254996425432,14.72698626351153,14.992850361538748,4113500
2022-06-21,15.116288185119629,15.28720128018288,15.073559911353815,15.220735479004338,3195700
2022-06-22,15.296695709228516,15.434374084147564,15.078306667290422,15.106791879533278,3203100
2022-06-23,14.983354568481445,15.201743607738221,14.736481222860105,15.192248235264326,2764300
2022-06-24,15.97085189819336,16.008833391015617,15.638521080227633,15.685997946255457,4532500
2022-06-27,15.980347633361816,16.08479492993155,15.823678499564512,16.037318062828355,2834700
2022-06-28,15.714482307434082,16.13701826673888,15.690744779869316,16.027822380037883,2236600
2022-06-29,15.543570518493652,15.723977170983863,15.515084399704941,15.723977170983863,2138100
2022-06-30,15.401142120361328,15.477103294638356,15.049822368476537,15.173258597530241,3600900
2022-07-01,15.315685272216797,15.325180645197154,14.969113213719826,15.106792499820578,3613800
2022-07-05,14.954870223999023,14.964365597023667,14.508597652655485,14.651025531439311,3689600
2022-07-06,14.745976448059082,14.830483999682226,14.565568889421137,14.594054102779001,4849800
2022-07-07,14.954870223999023,15.021336024114309,14.869413677834451,14.878909050859095,3014400
2022-07-08,15.14477252960205,15.215986013280228,14.983354816982942,15.182753114598983,3173900
2022-07-11,14.926384925842285,15.06406421180473,14.888404339487618,15.002346098551621,2735200
2022-07-12,15.116288185119629,15.344171708184879,14.869413915701294,14.897899129702294,2654100
2022-07-13,14.907393455505371,14.983354624523525,14.64627705019654,14.926384200524192,2616600
2022-07-14,14.480112075805664,14.541830187860125,14.318694360551117,14.480112075805664,3257100
2022-07-15,14.907393455505371,14.935878667505039,14.537082982924014,14.603548779432757,2862500
2022-07-18,15.097296714782715,15.396394616800304,15.03083091679151,15.296695919813496,4218600
2022-07-19,15.572054862976074,15.629025289630741,15.334675972348215,15.401141771954862,2982500
2022-07-20,15.37265682220459,15.538821314282293,15.29669565281805,15.429627246480212,2688300
2022-07-21,15.809433937072754,15.82367790219463,15.49609387024995,15.524579989436472,2263200
2022-07-22,15.685997009277344,15.83791934937702,15.543570041816041,15.799937858823526,1754300
2022-07-25,15.93287181854248,16.02307514515684,15.799938408041534,15.87589958073184,2560100
2022-07-26,14.138287544250488,14.679511143964756,14.033840249197814,14.670015770682033,9509400
2022-07-27,14.556073188781738,14.584558401498361,14.299704463274967,14.442131432386663,3545500
2022-07-28,15.030831336975098,15.078307296379675,14.698500526671673,14.793452445480826,4214900
2022-07-29,15.420132637023926,15.500842402210862,15.144773157988807,15.201744490612347,3205200
2022-08-01,15.325181007385254,15.420132928375661,15.178956244357815,15.33467638059002,2467200
2022-08-02,15.12578296661377,15.353666480764794,15.12578296661377,15.296696054991333,2346200
2022-08-03,15.287200927734375,15.353666727380539,15.163763795871068,15.230230501045837,2152300
2022-08-04,15.648015975952148,15.704988213447095,15.55306405785111,15.572054803682757,2564500
2022-08-05,15.401142120361328,15.553064468915386,15.277705891307624,15.372657811918224,3628900
2022-08-08,15.676501274108887,15.814181457595627,15.63851978443374,15.685996646527672,3606300
2022-08-09,15.48659896850586,15.629025946658613,15.408739804718046,15.610037011013588,1423000
2022-08-10,15.93287181854248,15.994589026251521,15.742967981288107,15.752463354256546,2814800
2022-08-11,16.094289779663086,16.265201062501447,16.032570759965843,16.13226946105253,2031900
2022-08-12,16.341161727905273,16.341161727905273,16.137017551056342,16.208230130592337,1696400
2022-08-15,16.15125846862793,16.184491365412708,16.042064406184075,16.11327698026987,1283900
2022-08-16,16.179746627807617,16.212979528788498,16.027822466249948,16.046813212826816,1644700
2022-08-17,15.942367553710938,16.01832872812703,15.785696612758038,15.856911006110675,1678900
2022-08-18,15.98984146118164,16.032569731915693,15.92337566471914,15.98984146118164,1395100
2022-08-19,15.458113670349121,15.624278165718298,15.39639465304464,15.600540639388011,2158000
2022-08-22,15.05931568145752,15.144772222349044,14.964364673655814,15.116287010561386,2639800
2022-08-23,15.05931568145752,15.25396719433741,15.026082783450494,15.068811053896257,2110600
2022-08-24,14.945374488830566,15.059316245779517,14.845675791073456,14.907393903180916,1645600
2022-08-25,15.24921989440918,15.268210640895433,14.992851155545187,15.002346528788316,1692300
2022-08-26,14.859917640686035,15.363161522157704,14.859917640686035,15.334675404356881,2104400
2022-08-29,15.154268264770508,15.244472495869402,15.040326507053868,15.135277519053435,2969900
2022-08-30,15.14477252960205,15.325180081955338,15.120085104077615,15.306191147749734,2260800
2022-08-31,15.049821853637695,15.201744196994646,15.030831107953778,15.144772865471493,2862600
2022-09-01,14.632034301757812,14.745976057701592,14.399403103514858,14.745976057701592,3595000
2022-09-02,14.736482620239258,15.168512147954273,14.703248813429248,14.89789943995893,2834200
2022-09-06,14.831432342529297,15.087801968080706,14.764966545769404,15.049821383428116,2779400
2022-09-07,14.907393455505371,14.964364785033268,14.594053406923347,14.613044151942168,1698700
2022-09-08,15.296695709228516,15.301442489995182,14.812442573457089,14.850423158290422,2517000
2022-09-09,15.723977088928223,15.790442888031155,15.633773763153844,15.695492781345363,1682600
2022-09-12,16.027822494506836,16.189240218580245,15.98509422016219,16.008833558953764,2001700
2022-09-13,15.98984146118164,16.284190764540046,15.942366409724748,15.999336833684444,2686300
2022-09-14,15.837919235229492,15.961355456524414,15.676501523654816,15.761958065727123,2292900
2022-09-15,15.980347633361816,16.13701857821642,15.856911401008102,15.86640496337144,1414700
2022-09-16,15.600540161132812,15.719229600202835,15.429627079102843,15.71448100844805,1845700
2022-09-19,15.61003589630127,15.629024830590295,15.25871435162554,15.26820972429863,1658500
2022-09-20,15.325181007385254,15.44387045585895,15.178006344825887,15.429628301580427,2321200
2022-09-21,15.097296714782715,15.46760900668069,15.078306874868906,15.296695919813496,2524500
2022-09-22,14.717491149902344,15.116287756729083,14.69850040408745,15.09729701091419,2170600
2022-09-23,14.157276153564453,14.4326356161059,13.981616290760172,14.423140243649302,3227400
2022-09-26,13.881916999816895,14.18101490015307,13.824946574867152,13.986363382577142,3564900
2022-09-27,13.872421264648438,14.147780726119645,13.750883938684877,14.05282971850838,3371200
2022-09-28,14.271218299865723,14.313946571569726,13.834441115635908,13.862927233790966,2618000
2022-09-29,13.929393768310547,13.953131295833021,13.667327443915308,13.881917807736967,3249500
2022-09-30,13.777471542358398,14.086063930559028,13.734743268012151,13.881917932133318,3180000
2022-10-03,14.0433349609375,14.138286878234528,13.706257375037383,13.891412617685132,2261900
2022-10-04,14.973860740661621,15.007093640210165,14.45637469061792,14.461121471528914,4147900
2022-10-05,14.575064659118652,14.655773520436677,14.385160816820735,14.603549873251888,2278700
2022-10-06,14.014849662780762,14.290209134634255,13.976869077198508,14.119296046749815,4587200
2022-10-07,13.91989803314209,14.124044024430194,13.858179919871283,14.081315751577865,3154200
2022-10-10,13.68251895904541,13.986363645907598,13.604658893866263,13.957878432896418,3233400
2022-10-11,13.43564510345459,13.706257804573179,13.36443161601438,13.635043411604347,3524800
2022-10-12,13.283721923828125,13.42614979532062,13.207760754576887,13.29321729636667,1917900
2022-10-13,13.929393768310547,13.99585956979638,13.10331531423333,13.179276488939605,4240500
2022-10-14,13.464131355285645,14.062326285618713,13.44988829544606,13.97686973763847,6528700
2022-10-17,13.853432655334473,14.071820807205984,13.834441908808968,13.872422496331344,2681600
2022-10-18,14.195257186889648,14.413646232656749,14.052830217649623,14.366170274400545,2446800
2022-10-19,14.005353927612305,14.17626701107434,13.891412173813801,14.10030584187534,2167900
2022-10-20,13.986364364624023,14.214248797009542,13.938889309008655,14.024345857962144,2620600
2022-10-21,14.176267623901367,14.185762091315254,13.677771410763748,13.711004310533868,2718900
2022-10-24,14.413646697998047,14.508597712047338,14.29495725128997,14.328190151483653,3616600
2022-10-25,15.591045379638672,15.600540752451037,15.287200693871716,15.287200693871716,3940500
2022-10-26,15.344171524047852,15.543570736247847,15.239724231416556,15.382153016298224,3975300
2022-10-27,15.135276794433594,15.42962700025565,15.135276794433594,15.35366583208129,2869600
2022-10-28,15.334675788879395,15.386899433961858,15.106792273929985,15.192248818418163,2649500
2022-10-31,15.05931568145752,15.182752806575436,15.030830469669864,15.097296265683912,2250600
2022-11-01,15.14477252960205,15.391645879317828,15.116287317236495,15.344170827218091,1970300
2022-11-02,14.926384925842285,15.410637175482153,14.926384925842285,15.116287857615626,2317200
2022-11-03,14.89789867401123,15.002345964701147,14.793452288849913,14.812443034622115,2427600
2022-11-04,15.600540161132812,15.600540161132812,15.268209369525328,15.268209369525328,3712400
2022-11-07,15.685997009277344,15.723976688773687,15.524579296539294,15.572054348674012,2740300
2022-11-08,15.6954927444458,15.828424342339147,15.572054708352958,15.704988117303495,1712800
2022-11-09,15.591045379638672,15.83791963958862,15.581550006826307,15.657511178268045,2211400
2022-11-10,16.654502868652344,16.67349180239643,16.14176362536282,16.23671553831167,4309700
2022-11-11,17.66098976135254,17.73695093363774,17.290677461787133,17.347649699293935,4186800
2022-11-14,17.34764862060547,17.546097012393396,17.314415722988212,17.442600532822095,2996700
2022-11-15,17.499570846557617,17.76543402583707,17.366639256917892,17.70846360328534,3189700
2022-11-16,17.395126342773438,17.490078269573026,17.323913755966775,17.46159214821594,1610000
2022-11-17,17.34764862060547,17.35714399293284,17.053297511628212,17.072288256282956,2083700
2022-11-18,17.385629653930664,17.49957231968297,17.317265865536513,17.42361114620051,1255600
2022-11-21,17.404619216918945,17.45209426797172,17.257443660963975,17.319162676178266,1908200
2022-11-22,17.42361068725586,17.46633895940534,17.314416616442116,17.395124568803812,1830200
2022-11-23,17.528057098388672,17.57553396500055,17.395125493989976,17.414116240634726,1264400
2022-11-25,17.613513946533203,17.62300932001693,17.44260265699805,17.490077713359373,1195900
2022-11-28,17.148250579833984,17.509067508368958,17.138755206866517,17.452095270564143,1568500
2022-11-29,17.338153839111328,17.409366417407696,17.21471580570618,17.252697296309965,1362200
2022-11-30,17.50906753540039,17.51856290838252,17.09128017947281,17.376134124707807,3324500
2022-12-01,17.556543350219727,17.760689350540897,17.47108680073378,17.689474955616845,1958100
2022-12-02,17.528057098388672,17.566038591678172,17.442602360601853,17.45209592286695,1379400
2022-12-05,17.547048568725586,17.907865525627887,17.509068884926972,17.822408973259307,2741000
2022-12-06,17.366640090942383,17.651494028438076,17.271688174758097,17.604018975874517,2203500
2022-12-07,17.309669494628906,17.423612167057158,17.24320369031965,17.309669494628906,1665800
2022-12-08,17.27168846130371,17.319163514654903,17.167241170662447,17.233706969777,1586300
2022-12-09,17.319164276123047,17.471086626795042,17.300173529524727,17.300173529524727,1686400
2022-12-12,17.338153839111328,17.338153839111328,17.12926107396197,17.21471580570618,2021500
2022-12-13,17.812911987304688,17.988571857471246,17.69896932410704,17.94584358515428,3502600
2022-12-14,17.490076065063477,17.68472667549238,17.40461952282082,17.594523352483865,1776900
2022-12-15,17.015317916870117,17.224210675926063,16.96784286605739,17.195726369861266,1898100
2022-12-16,16.853900909423828,16.93460886137278,16.716220720862136,16.8823870277302,2505700
2022-12-19,16.967844009399414,17.152999255525287,16.901376398302876,17.05329874440909,2440500
2022-12-20,17.119766235351562,17.19572740787154,17.015318943990138,17.015318943990138,2115000
2022-12-21,17.58502769470215,17.76068755710448,17.433105357858437,17.452094291671067,2391500
2022-12-22,17.461591720581055,17.660990943082634,17.253647929621764,17.623009448870018,1633200
2022-12-23,17.679981231689453,17.722709506041898,17.566038563063838,17.58502930967765,1608000
2022-12-27,17.698970794677734,17.793922720055598,17.646747145167044,17.689475421034214,1001400
2022-12-28,17.604019165039062,17.822407306869604,17.604019165039062,17.765435069912535,1226200
2022-12-29,17.850893020629883,17.879379141352626,17.793922590241724,17.831904084538714,1217500
2022-12-30,17.727455139160156,17.850891362041835,17.613512477913318,17.765434818870997,1592400
